{
  "More billionaires than ever ranked in Forbes' annual list. Here are the top 10 - NPR": [
    {
      "id": "9c3dcf44-ade2-4119-befd-ace97cb90f65",
      "author": "Omkar2",
      "content": "Test Reply",
      "createdAt": "2025-04-02T15:22:14.789Z",
      "upvotes": 1,
      "downvotes": 0,
      "userVote": "up",
      "parentId": null
    },
    {
      "id": "b9fa5cc6-8ce3-47cc-9aab-3e137fc55d4b",
      "parentId": "9c3dcf44-ade2-4119-befd-ace97cb90f65",
      "author": "Omkar3",
      "content": "Test",
      "createdAt": "2025-04-02T15:23:40.571Z",
      "upvotes": 0,
      "downvotes": 0,
      "userVote": null
    },
    {
      "id": "22a56b8b-bd3f-4a76-8936-c2b147f41078",
      "author": "Omkar3",
      "content": "sswdd",
      "createdAt": "2025-04-02T18:15:09.458Z",
      "upvotes": 0,
      "downvotes": 0,
      "userVote": null,
      "parentId": null
    }
  ],
  "‘The Handmaid’s Tale’ Sequel Series ‘The Testaments’ Officially Greenlit At Hulu As 9 Round Out Cast - Deadline": [
    {
      "id": "1a2f476b-2f4c-4836-a9ea-dc381d89d14e",
      "author": "Omkar3",
      "content": "sdsddfs",
      "createdAt": "2025-04-02T18:14:21.462Z",
      "upvotes": 0,
      "downvotes": 0,
      "userVote": null,
      "parentId": null
    },
    {
      "id": "d77e8b11-9e95-4fbc-88f3-95cb01dcac80",
      "author": "Omkar3",
      "content": "asascd",
      "createdAt": "2025-04-02T18:33:02.054Z",
      "upvotes": 0,
      "downvotes": 0,
      "userVote": null,
      "parentId": null
    }
  ],
  "Prince Harry charity insiders reveal cash worries at Sentebale - BBC": [
    {
      "id": "7a80c37d-c6a2-4175-a762-7adc17a5621d",
      "author": "Omkar2",
      "content": "test 12",
      "createdAt": "2025-04-02T18:57:18.885Z",
      "upvotes": 0,
      "downvotes": 0,
      "userVote": null,
      "parentId": null
    },
    {
      "id": "2f6335a0-ea13-47cd-9f6c-2bb3d4577cdd",
      "parentId": "7a80c37d-c6a2-4175-a762-7adc17a5621d",
      "author": "Omkar3",
      "content": "test 13",
      "createdAt": "2025-04-02T18:57:28.045Z",
      "upvotes": 0,
      "downvotes": 0,
      "userVote": null
    },
    {
      "id": "c42f0dae-f41e-4663-aa80-135214b005a4",
      "author": "Omkar4",
      "content": "Test14",
      "createdAt": "2025-04-02T18:59:07.085Z",
      "upvotes": 1,
      "downvotes": 0,
      "userVote": "up",
      "parentId": null
    },
    {
      "id": "ef7e4d08-3ee4-435a-a06b-9a8a9cef99cd",
      "parentId": "c42f0dae-f41e-4663-aa80-135214b005a4",
      "author": "Omkar5",
      "content": "ddewd",
      "createdAt": "2025-04-02T18:59:56.624Z",
      "upvotes": 0,
      "downvotes": 0,
      "userVote": null
    },
    {
      "id": "138adac7-b893-4d16-8690-af570a431d7e",
      "author": "Omkar6",
      "content": "Test 6",
      "createdAt": "2025-04-02T19:02:20.655Z",
      "upvotes": 1,
      "downvotes": 0,
      "userVote": "up",
      "parentId": null
    },
    {
      "id": "db24e700-116c-48dd-9e16-dbd65ab80918",
      "parentId": "138adac7-b893-4d16-8690-af570a431d7e",
      "author": "Omkar7",
      "content": "Test 7",
      "createdAt": "2025-04-02T19:03:02.037Z",
      "upvotes": 0,
      "downvotes": 0,
      "userVote": null
    },
    {
      "id": "6f7f21f6-ea09-496f-a7ca-714db9b35437",
      "author": "Omkar8",
      "content": "gvsjdshj",
      "createdAt": "2025-04-02T19:09:06.225Z",
      "upvotes": 0,
      "downvotes": 0,
      "userVote": null,
      "parentId": null
    },
    {
      "id": "8a0a942b-fba9-45b3-89b9-ee96506b9d0c",
      "parentId": "6f7f21f6-ea09-496f-a7ca-714db9b35437",
      "author": "Omkar9",
      "content": "test 9",
      "createdAt": "2025-04-02T19:09:14.367Z",
      "upvotes": 1,
      "downvotes": 0,
      "userVote": "up"
    }
  ],
  "‘Now You See Me 4’ In Works With Ruben Fleischer; Third Film Gets Title - Deadline": [
    {
      "id": "2e246761-7361-428e-9002-a0216c29dd02",
      "author": "Omkar1",
      "content": "Test 1",
      "createdAt": "2025-04-02T19:11:32.366Z",
      "upvotes": 1,
      "downvotes": 0,
      "userVote": "up",
      "parentId": null
    },
    {
      "id": "5f016987-dc74-4f38-bc19-28c35138f3e1",
      "parentId": "2e246761-7361-428e-9002-a0216c29dd02",
      "author": "Omkar2",
      "content": "test 2",
      "createdAt": "2025-04-02T19:11:42.270Z",
      "upvotes": 0,
      "downvotes": 0,
      "userVote": null
    },
    {
      "id": "22e5b48c-9877-4b6e-9239-8e5483c61b16",
      "author": "Omkar3",
      "content": "test 3",
      "createdAt": "2025-04-02T19:11:52.345Z",
      "upvotes": 0,
      "downvotes": 0,
      "userVote": null,
      "parentId": null
    },
    {
      "id": "b8b28913-3d71-49e8-8035-8c18dcb132c2",
      "author": "Omkar4",
      "content": "test4",
      "createdAt": "2025-04-02T19:20:51.584Z",
      "upvotes": 1,
      "downvotes": 0,
      "userVote": "up",
      "parentId": null
    },
    {
      "id": "17a6a8b8-ff6b-4952-9dd0-a8f45b4dd62e",
      "author": "Omkar4",
      "content": "saccc",
      "createdAt": "2025-04-02T19:24:08.214Z",
      "upvotes": 1,
      "downvotes": 0,
      "userVote": "up",
      "parentId": null
    },
    {
      "id": "67a7fcba-d45f-4b92-8fb8-1668e88b89e9",
      "author": "Omkar4",
      "content": "xasx",
      "createdAt": "2025-04-02T19:26:50.558Z",
      "upvotes": 0,
      "downvotes": 0,
      "userVote": null,
      "parentId": null
    },
    {
      "id": "885815e3-3d1a-4d98-95dd-e87bf22fc228",
      "author": "Atharv Porate",
      "content": "smt",
      "createdAt": "2025-04-02T19:52:35.043Z",
      "upvotes": 1,
      "downvotes": 0,
      "userVote": "up",
      "parentId": null
    }
  ],
  "Keanu Reeves Set for ‘John Wick 5’ as Franchise Expands With Animated Prequel Film, Donnie Yen-Directed Caine Spinoff - Variety": [
    {
      "id": "5d98995b-5014-49b4-9787-b302f99f9ac3",
      "author": "Omkar4",
      "content": "sdcsdc",
      "createdAt": "2025-04-02T19:35:36.450Z",
      "upvotes": 0,
      "downvotes": 0,
      "userVote": null,
      "parentId": null
    },
    {
      "id": "c4ec2c63-853c-4988-a404-e219c6d84809",
      "author": "Varun",
      "content": "Test",
      "createdAt": "2025-04-02T19:45:55.327Z",
      "upvotes": 0,
      "downvotes": 0,
      "userVote": null,
      "parentId": null
    }
  ],
  "Golden State Warriors vs. Memphis Grizzlies Live Score and Stats - April 1, 2025 Gametracker - CBS Sports": [
    {
      "id": "f0d05252-a572-45b5-87e1-7a488cc5da36",
      "author": "arkin",
      "content": "kjcz",
      "createdAt": "2025-04-03T06:12:18.918Z",
      "upvotes": 1,
      "downvotes": 0,
      "userVote": "up",
      "parentId": null
    }
  ]
}